{"pairs":[
    {"x0":115.124055, "y0":-87.125638, "x1":-131.789117, "y1":15.402971},
]}
